"Team","Age","G","AB","PA","H","1B","2B","3B","HR","R","RBI","BB","IBB","SO","HBP","SF","SH","GDP","SB","CS","AVG","GB","FB","LD","IFFB","Pitches","Balls","Strikes","IFH","BU","BUH","BB%","K%","BB/K","OBP","SLG","OPS","ISO","BABIP","GB/FB","LD%","GB%","FB%","IFFB%","HR/FB","IFH%","BUH%","wOBA","wRAA","wRC","Bat","Fld","Rep","Pos","RAR","WAR","Dol","Spd","wRC+","WPA","-WPA","+WPA","RE24","REW","pLI","phLI","PH","WPA/LI","Clutch","FB%","FBv","SL%","SLv","CT%","CTv","CB%","CBv","CH%","CHv","SF%","SFv","KN%","KNv","XX%","PO%","wFB","wSL","wCT","wCB","wCH","wSF","wKN","wFB/C","wSL/C","wCT/C","wCB/C","wCH/C","wSF/C","wKN/C","O-Swing%","Z-Swing%","Swing%","O-Contact%","Z-Contact%","Contact%","Zone%","F-Strike%","SwStr%","BsR","FA% (pfx)","FT% (pfx)","FC% (pfx)","FS% (pfx)","FO% (pfx)","SI% (pfx)","SL% (pfx)","CU% (pfx)","KC% (pfx)","EP% (pfx)","CH% (pfx)","SC% (pfx)","KN% (pfx)","UN% (pfx)","vFA (pfx)","vFT (pfx)","vFC (pfx)","vFS (pfx)","vFO (pfx)","vSI (pfx)","vSL (pfx)","vCU (pfx)","vKC (pfx)","vEP (pfx)","vCH (pfx)","vSC (pfx)","vKN (pfx)","FA-X (pfx)","FT-X (pfx)","FC-X (pfx)","FS-X (pfx)","FO-X (pfx)","SI-X (pfx)","SL-X (pfx)","CU-X (pfx)","KC-X (pfx)","EP-X (pfx)","CH-X (pfx)","SC-X (pfx)","KN-X (pfx)","FA-Z (pfx)","FT-Z (pfx)","FC-Z (pfx)","FS-Z (pfx)","FO-Z (pfx)","SI-Z (pfx)","SL-Z (pfx)","CU-Z (pfx)","KC-Z (pfx)","EP-Z (pfx)","CH-Z (pfx)","SC-Z (pfx)","KN-Z (pfx)","wFA (pfx)","wFT (pfx)","wFC (pfx)","wFS (pfx)","wFO (pfx)","wSI (pfx)","wSL (pfx)","wCU (pfx)","wKC (pfx)","wEP (pfx)","wCH (pfx)","wSC (pfx)","wKN (pfx)","wFA/C (pfx)","wFT/C (pfx)","wFC/C (pfx)","wFS/C (pfx)","wFO/C (pfx)","wSI/C (pfx)","wSL/C (pfx)","wCU/C (pfx)","wKC/C (pfx)","wEP/C (pfx)","wCH/C (pfx)","wSC/C (pfx)","wKN/C (pfx)","O-Swing% (pfx)","Z-Swing% (pfx)","Swing% (pfx)","O-Contact% (pfx)","Z-Contact% (pfx)","Contact% (pfx)","Zone% (pfx)","Pace","Def","wSB","UBR","Age Rng","Off","Lg","wGDP","Pull%","Cent%","Oppo%","Soft%","Med%","Hard%","TTO%","CH% (pi)","CS% (pi)","CU% (pi)","FA% (pi)","FC% (pi)","FS% (pi)","KN% (pi)","SB% (pi)","SI% (pi)","SL% (pi)","XX% (pi)","vCH (pi)","vCS (pi)","vCU (pi)","vFA (pi)","vFC (pi)","vFS (pi)","vKN (pi)","vSB (pi)","vSI (pi)","vSL (pi)","vXX (pi)","CH-X (pi)","CS-X (pi)","CU-X (pi)","FA-X (pi)","FC-X (pi)","FS-X (pi)","KN-X (pi)","SB-X (pi)","SI-X (pi)","SL-X (pi)","XX-X (pi)","CH-Z (pi)","CS-Z (pi)","CU-Z (pi)","FA-Z (pi)","FC-Z (pi)","FS-Z (pi)","KN-Z (pi)","SB-Z (pi)","SI-Z (pi)","SL-Z (pi)","XX-Z (pi)","wCH (pi)","wCS (pi)","wCU (pi)","wFA (pi)","wFC (pi)","wFS (pi)","wKN (pi)","wSB (pi)","wSI (pi)","wSL (pi)","wXX (pi)","wCH/C (pi)","wCS/C (pi)","wCU/C (pi)","wFA/C (pi)","wFC/C (pi)","wFS/C (pi)","wKN/C (pi)","wSB/C (pi)","wSI/C (pi)","wSL/C (pi)","wXX/C (pi)","O-Swing% (pi)","Z-Swing% (pi)","Swing% (pi)","O-Contact% (pi)","Z-Contact% (pi)","Contact% (pi)","Zone% (pi)","Pace (pi)"
"Yankees","31","2367","5524","6231","1462","924","280","13","245","804","774","565","31","1176","62","49","31","136","93","27",".265","1986","1458","925","162","24247","9303","14944","124","59","17","9.1 %","18.9 %","0.48",".337",".453",".790",".188",".293","1.36","21.2 %","45.5 %","33.4 %","11.1 %","16.8 %","6.2 %","28.8 %",".342","132.3","843","94.9","-1.4","184.0","-15.7","285.6","29.9","$194.5","4.1","113","8.68","-107.87","116.55","83.27","8.33","1.01","1.16","148","11.36","-2.72","56.3 %","92.1","12.4 %","83.3","7.2 %","88.4","10.6 %","77.4","11.0 %","83.9","2.2 %","85.0","0.4 %","77.7","0.4 %","","129.1","-4.4","2.5","-3.0","1.3","-3.4","1.2","0.95","-0.15","0.15","-0.12","0.05","-0.64","1.41","28.8 %","65.7 %","44.5 %","68.0 %","86.8 %","79.8 %","42.7 %","57.3 %","9.0 %","2.3","34.0 %","14.9 %","5.3 %","1.2 %","","8.7 %","14.1 %","10.1 %","","0.0 %","11.3 %","0.0 %","0.3 %","0.0 %","92.0","92.3","88.7","83.8","","90.6","83.5","77.3","","55.5","84.0","78.5","78.1","-1.1","-2.3","0.4","-5.7","","-2.3","1.3","2.5","","6.1","-1.8","9.5","0.4","9.0","7.0","5.9","3.3","","4.9","1.0","-6.0","","-8.1","4.4","-1.8","0.8","64.5","31.0","-0.5","0.8","","23.8","-3.3","-7.4","","1.1","0.8","0.1","1.0","0.79","0.86","-0.04","0.28","","1.13","-0.10","-0.30","","17.85","0.03","4.50","1.34","27.1 %","63.1 %","44.6 %","63.9 %","87.0 %","79.7 %","48.4 %","23.0","-17.1","1.0","-1.5","24 - 42","97.3","21.4","2.8","41.7 %","35.0 %","23.3 %","14.4 %","55.0 %","30.6 %","31.9 %","10.4 %","0.1 %","11.0 %","34.2 %","7.1 %","2.8 %","0.4 %","0.0 %","22.4 %","11.7 %","0.0 %","84.7","63.9","78.2","93.1","88.6","85.0","79.0","79.2","92.2","84.1","95.1","-1.3","6.5","2.1","-0.7","0.8","-5.1","0.0","9.4","-2.7","1.6","-8.6","4.5","-9.3","-5.9","9.4","5.0","3.0","1.8","-1.0","5.7","0.9","8.4","-1.1","1.0","-8.8","86.1","3.1","-2.7","1.2","0.0","36.7","-2.4","0.0","-0.04","8.55","-0.33","1.04","0.18","-0.40","1.43","0.00","0.68","-0.08","3.52","26.9 %","63.0 %","44.6 %","63.5 %","87.0 %","79.7 %","48.9 %","23.5"
"Rangers","28","2236","5590","6216","1526","991","303","32","200","808","780","478","44","1103","57","53","36","121","91","44",".273","1998","1577","927","135","23699","8618","15081","148","74","20","7.7 %","17.7 %","0.43",".334",".446",".780",".173",".306","1.27","20.6 %","44.4 %","35.0 %","8.6 %","12.7 %","7.4 %","27.0 %",".336","103.8","813","45.3","1.9","183.6","-14.7","231.7","24.3","$157.8","4.5","106","2.89","-100.54","103.43","79.56","7.38","0.93","1.44","94","4.98","-1.87","57.0 %","91.6","14.6 %","83.1","6.8 %","87.9","9.7 %","77.1","10.2 %","82.8","1.8 %","84.9","","","0.7 %","","53.7","11.0","7.6","33.7","17.3","-6.2","","0.40","0.32","0.47","1.48","0.72","-1.50","","30.7 %","65.9 %","46.8 %","66.1 %","86.3 %","79.1 %","45.7 %","58.6 %","9.7 %","-5.8","35.5 %","12.9 %","6.6 %","1.4 %","","7.4 %","16.0 %","10.0 %","","0.0 %","10.3 %","0.0 %","","0.0 %","91.8","91.2","88.8","84.9","","90.2","83.5","77.3","","57.5","82.9","72.3","","-2.0","-2.1","0.8","-4.4","","-3.7","2.1","3.3","","7.6","-0.4","11.7","","8.7","7.2","6.2","0.8","","4.8","1.1","-5.9","","-8.7","5.0","-0.1","","19.8","21.1","14.4","-1.7","","3.3","0.7","32.1","","0.4","11.2","-0.2","","0.24","0.70","0.93","-0.54","","0.19","0.02","1.37","","7.64","0.46","-9.64","","29.9 %","63.7 %","46.8 %","63.1 %","86.6 %","79.0 %","49.9 %","22.1","-12.8","-6.0","-1.2","19 - 37","39.5","21.3","1.4","38.7 %","35.2 %","26.1 %","14.1 %","55.3 %","30.5 %","28.7 %","9.6 %","0.0 %","10.3 %","34.7 %","7.1 %","2.0 %","","0.0 %","22.0 %","14.3 %","0.0 %","83.6","59.7","78.2","92.8","88.6","85.3","","74.6","91.8","84.1","87.5","-0.7","7.3","3.0","-1.7","0.6","-5.3","","10.3","-4.1","1.9","-3.6","5.1","-8.6","-5.6","9.4","5.3","2.9","","-0.5","5.9","1.1","3.6","11.1","0.2","31.3","12.7","8.6","-1.4","","-0.4","33.1","5.5","0.0","0.49","3.51","1.30","0.16","0.51","-0.30","","-12.23","0.64","0.16","0.40","30.1 %","63.8 %","46.8 %","63.2 %","86.7 %","79.1 %","49.4 %","22.8"
"Angels","28","2267","5536","6121","1518","1036","273","22","187","767","732","449","29","1113","47","41","47","138","134","33",".274","2094","1432","865","155","22992","8211","14781","129","120","44","7.3 %","18.2 %","0.40",".332",".433",".764",".159",".311","1.46","19.7 %","47.7 %","32.6 %","10.8 %","13.1 %","6.2 %","36.7 %",".331","77.9","776","96.3","35.6","180.8","-14.9","332.3","34.8","$226.3","4.8","113","10.38","-93.82","104.21","100.58","10.21","0.90","1.41","71","10.30","1.20","59.6 %","92.0","15.6 %","83.7","4.7 %","87.9","8.7 %","77.4","9.6 %","83.0","1.7 %","84.9","","","0.6 %","","35.5","9.1","11.8","12.5","10.9","-6.6","","0.26","0.25","1.10","0.63","0.50","-1.67","","31.8 %","63.8 %","46.3 %","68.7 %","88.1 %","80.8 %","45.2 %","59.7 %","8.8 %","13.5","34.6 %","14.4 %","5.0 %","1.4 %","","9.9 %","16.4 %","8.5 %","","0.0 %","9.8 %","0.0 %","","0.0 %","92.3","91.6","88.8","84.4","","90.8","83.9","77.3","","50.8","83.1","70.1","","-2.2","-2.9","0.6","-6.3","","-3.0","2.0","3.2","","10.1","-0.2","-5.7","","8.5","6.9","5.8","2.6","","4.8","0.3","-6.0","","-7.8","4.3","-4.8","","37.9","-0.6","11.1","-3.7","","-9.1","1.4","16.2","","-0.2","11.1","0.0","","0.48","-0.02","0.97","-1.14","","-0.40","0.04","0.84","","-10.81","0.50","0.11","","30.5 %","62.0 %","46.3 %","64.6 %","88.6 %","80.7 %","50.1 %","22.6","20.7","6.9","11.4","20 - 39","109.8","21.0","-4.8","40.1 %","35.8 %","24.1 %","14.6 %","56.0 %","29.4 %","28.6 %","8.8 %","0.2 %","9.0 %","37.4 %","5.5 %","2.4 %","","0.0 %","21.9 %","14.8 %","0.0 %","83.7","67.6","78.3","93.1","88.2","84.8","","70.2","91.8","84.6","84.2","0.0","8.2","2.9","-1.7","0.8","-5.5","","-5.7","-4.2","2.2","9.4","4.7","-9.2","-5.4","9.3","5.6","3.2","","-5.0","5.6","1.0","6.7","10.8","0.2","5.6","26.6","0.5","-7.3","","0.0","10.5","17.9","0.1","0.54","0.37","0.27","0.31","0.04","-1.34","","0.11","0.21","0.53","4.80","30.5 %","61.8 %","46.3 %","64.6 %","88.6 %","80.8 %","50.4 %","23.4"
"Rockies","28","2429","5577","6183","1526","1002","306","52","166","758","716","450","34","1213","36","39","74","132","100","40",".274","2027","1373","955","122","23101","8302","14799","136","122","31","7.3 %","19.6 %","0.37",".330",".436",".766",".163",".321","1.48","21.9 %","46.5 %","31.5 %","8.9 %","12.1 %","6.7 %","25.4 %",".331","74.3","780","-76.6","-28.5","182.6","34.8","124.2","13.0","$84.6","5.1","90","-5.38","-111.08","105.70","-31.68","-4.07","0.99","1.31","263","-2.21","-3.25","58.4 %","91.2","15.3 %","83.2","5.6 %","87.5","9.1 %","76.7","9.9 %","82.0","1.3 %","84.4","0.4 %","77.9","0.6 %","","49.7","-11.3","10.3","-2.1","20.7","-1.3","-1.1","0.37","-0.32","0.80","-0.10","0.91","-0.42","-1.29","30.8 %","64.4 %","46.1 %","66.6 %","86.7 %","79.4 %","45.5 %","59.7 %","9.5 %","2.8","37.4 %","10.7 %","6.4 %","1.1 %","0.0 %","7.9 %","16.7 %","9.3 %","","","10.1 %","","0.4 %","","91.6","90.6","88.3","84.2","78.3","89.5","83.7","76.8","","","82.2","","78.1","-1.8","0.1","0.9","-4.6","-2.6","-2.5","1.7","2.6","","","-0.4","","0.8","7.1","6.1","5.2","2.7","6.3","4.0","0.7","-5.6","","","3.5","","0.7","16.9","9.7","-4.8","-0.3","0.0","9.7","12.1","-1.3","","","8.1","","-1.1","0.20","0.40","-0.33","-0.10","-4.91","0.54","0.32","-0.06","","","0.35","","-1.37","30.1 %","62.1 %","46.2 %","64.2 %","86.6 %","79.3 %","50.2 %","21.9","6.2","-2.5","10.0","21 - 49","-73.8","9.1","-4.7","37.7 %","37.4 %","25.0 %","15.1 %","56.5 %","28.3 %","29.6 %","9.4 %","0.1 %","9.1 %","34.8 %","8.5 %","1.7 %","0.4 %","","22.7 %","13.3 %","0.0 %","82.7","73.6","77.7","92.5","87.9","84.8","78.9","","91.1","83.7","87.1","-1.0","6.5","2.3","-1.8","0.6","-3.6","0.6","","-2.8","1.3","-2.9","4.5","-5.1","-5.0","9.0","5.1","3.5","1.9","","5.6","1.5","8.3","15.1","-0.6","-3.0","12.0","5.7","2.7","-1.1","","22.6","-2.8","0.0","0.70","-2.28","-0.14","0.15","0.29","0.68","-1.29","","0.43","-0.09","-4.91","30.4 %","62.2 %","46.2 %","64.6 %","86.5 %","79.3 %","49.6 %","22.6"
"Brewers","29","2415","5557","6224","1442","901","300","39","202","776","741","466","35","1240","90","35","76","111","158","39",".259","1915","1553","795","144","23591","8539","15052","158","164","40","7.5 %","19.9 %","0.38",".325",".437",".762",".177",".299","1.23","18.6 %","44.9 %","36.4 %","9.3 %","13.0 %","8.3 %","24.4 %",".329","67.9","778","17.4","-14.2","183.8","33.8","242.1","25.4","$164.9","5.6","102","6.25","-108.81","115.06","67.91","6.87","1.00","1.24","315","6.38","-0.13","58.1 %","91.6","17.1 %","83.3","5.6 %","87.3","9.6 %","76.8","8.6 %","82.3","1.1 %","84.1","","","0.6 %","","37.4","-4.2","0.6","27.4","11.1","-1.3","","0.27","-0.10","0.04","1.22","0.55","-0.51","","30.8 %","65.6 %","46.4 %","66.6 %","86.5 %","79.2 %","44.7 %","60.9 %","9.6 %","12.1","33.6 %","14.1 %","4.8 %","1.1 %","","9.2 %","18.4 %","9.5 %","0.4 %","0.0 %","8.7 %","","","0.0 %","92.0","91.3","88.0","83.6","","89.9","83.6","76.9","82.8","65.7","82.4","","","-1.9","-1.8","0.6","-5.0","","-5.6","2.1","3.0","5.0","6.5","-1.5","","","7.4","5.9","5.4","2.3","","3.9","0.4","-6.6","-6.7","-8.6","3.7","","","25.9","-0.5","5.5","-0.5","","0.8","-9.8","22.9","-0.5","0.0","11.1","","","0.33","-0.01","0.49","-0.19","","0.04","-0.23","1.03","-0.53","3.52","0.55","","","29.5 %","63.5 %","46.4 %","62.5 %","87.0 %","79.1 %","49.6 %","22.6","19.6","9.7","-0.1","22 - 37","29.5","9.2","2.5","37.9 %","36.9 %","25.2 %","15.8 %","53.7 %","30.5 %","30.7 %","8.0 %","0.1 %","10.4 %","31.9 %","7.3 %","1.5 %","","","25.1 %","15.6 %","0.1 %","82.9","74.7","77.8","92.9","88.2","84.0","","","91.5","84.0","86.4","-1.4","6.7","3.1","-2.0","0.5","-5.8","","","-3.5","2.0","0.9","4.7","-7.2","-5.5","9.3","5.2","3.1","","","5.8","1.2","8.9","11.3","1.0","22.9","23.8","-2.1","-2.0","","","-1.2","2.2","0.4","0.60","4.58","0.94","0.32","-0.12","-0.56","","","-0.02","0.06","1.20","29.6 %","63.4 %","46.4 %","62.5 %","87.0 %","79.1 %","49.7 %","23.4"
"Cardinals","28","2391","5622","6326","1526","1040","290","37","159","765","732","533","45","1192","53","49","69","135","91","37",".271","2119","1381","934","123","23940","8835","15105","143","114","19","8.4 %","18.8 %","0.45",".338",".421",".759",".150",".316","1.53","21.1 %","47.8 %","31.1 %","8.9 %","11.5 %","6.7 %","16.7 %",".329","66.4","788","48.1","-19.5","186.9","38.1","261.3","27.4","$177.9","4.7","106","4.95","-109.49","114.44","81.87","8.58","1.01","1.38","279","8.24","-3.36","58.2 %","91.6","15.2 %","83.4","4.6 %","87.8","11.5 %","76.7","7.6 %","82.2","2.3 %","84.6","0.7 %","76.6","0.7 %","","50.5","-12.1","0.1","19.7","2.6","4.4","-3.9","0.37","-0.33","0.01","0.72","0.15","0.81","-2.22","29.9 %","66.8 %","46.1 %","68.3 %","88.3 %","81.0 %","44.0 %","59.3 %","8.7 %","-1.6","33.3 %","14.8 %","5.0 %","1.6 %","","9.6 %","15.3 %","10.8 %","0.3 %","0.0 %","8.6 %","","0.7 %","0.0 %","91.8","91.4","87.9","84.1","","90.4","83.3","76.5","81.6","56.5","82.7","","76.8","-1.7","-4.2","-0.3","-5.2","","-6.0","1.3","1.7","4.5","-4.0","-2.2","","-1.6","8.5","6.6","5.1","1.9","","3.5","0.5","-6.1","-7.0","-8.3","4.1","","1.4","40.0","-4.1","-7.2","3.1","","11.1","-8.5","12.1","-0.5","0.0","0.3","","-3.6","0.51","-0.12","-0.61","0.84","","0.48","-0.23","0.47","-0.76","-0.86","0.01","","-2.16","29.5 %","63.5 %","46.1 %","65.2 %","88.6 %","81.0 %","49.0 %","22.2","18.6","-3.6","1.2","21 - 37","46.5","9.3","0.8","36.5 %","36.5 %","26.9 %","14.5 %","56.1 %","29.5 %","29.8 %","7.2 %","0.3 %","11.9 %","34.0 %","6.4 %","2.5 %","0.7 %","","24.0 %","13.2 %","0.0 %","83.0","73.2","77.6","92.7","87.7","84.8","77.5","","91.6","84.0","77.2","-1.7","7.2","2.6","-1.5","0.3","-4.2","-0.7","","-3.7","2.0","-5.6","4.6","-7.4","-5.6","9.5","4.9","3.1","1.6","","5.5","1.3","0.2","7.2","-0.4","15.7","11.2","-1.1","-2.4","-3.3","","30.9","-14.0","0.1","0.42","-0.70","0.56","0.14","-0.07","-0.40","-1.88","","0.54","-0.45","2.25","29.4 %","63.3 %","46.1 %","65.3 %","88.5 %","81.0 %","49.3 %","22.9"
"Tigers","28","2248","5476","6119","1467","986","279","39","163","726","698","511","46","1103","57","39","36","156","59","23",".268","1939","1489","950","121","22966","8463","14503","98","70","16","8.4 %","18.0 %","0.46",".335",".422",".757",".154",".307","1.30","21.7 %","44.3 %","34.0 %","8.1 %","10.9 %","5.1 %","22.9 %",".328","64.6","763","33.3","-4.7","180.7","-15.7","196.8","20.6","$134.0","4.3","105","2.59","-110.19","112.78","12.56","1.08","1.02","1.89","75","2.80","-0.25","57.4 %","91.9","14.9 %","83.0","5.8 %","87.9","11.1 %","77.4","9.3 %","83.3","1.4 %","84.7","","","0.8 %","","45.1","-18.8","-5.2","5.0","3.7","6.7","","0.34","-0.55","-0.39","0.20","0.17","2.05","","31.0 %","67.7 %","47.2 %","67.2 %","88.4 %","80.6 %","44.1 %","59.0 %","9.1 %","-17.8","36.4 %","11.7 %","4.6 %","0.9 %","","9.2 %","16.9 %","9.9 %","0.2 %","0.1 %","10.2 %","0.0 %","","","92.0","91.8","88.5","84.4","","90.9","83.0","77.4","81.1","54.3","83.6","75.6","","-1.7","-3.0","0.4","-4.8","","-2.2","1.7","3.0","4.8","8.0","-1.1","11.8","","8.0","6.8","4.9","3.4","","3.9","-0.2","-5.9","-4.8","-8.7","4.1","-1.9","","8.5","17.8","-7.0","0.0","","7.9","-27.9","5.7","2.5","-0.2","13.3","2.1","","0.10","0.67","-0.67","-0.01","","0.38","-0.73","0.26","4.52","-1.51","0.58","23.46","","30.3 %","64.3 %","47.2 %","65.0 %","87.9 %","80.5 %","49.5 %","22.1","-20.4","-4.1","-7.9","21 - 38","15.4","21.0","-5.8","37.1 %","36.3 %","26.6 %","13.7 %","55.4 %","31.0 %","29.0 %","8.4 %","0.3 %","11.4 %","36.4 %","6.1 %","2.5 %","","0.0 %","20.9 %","14.0 %","0.0 %","84.1","68.9","78.5","92.9","88.2","84.5","","76.1","92.1","83.9","86.2","-0.9","7.6","3.2","-0.8","0.7","-2.8","","12.3","-3.9","1.7","1.9","4.5","-9.2","-5.2","9.3","5.1","3.8","","-1.5","5.6","0.6","1.6","9.0","-1.1","-0.7","6.6","-1.3","-5.2","","2.1","27.5","-13.1","0.0","0.47","-1.75","-0.03","0.08","-0.10","-0.93","","23.29","0.58","-0.41","0.10","30.5 %","64.4 %","47.2 %","65.3 %","87.9 %","80.5 %","49.2 %","22.7"
"Nationals","28","2338","5615","6221","1468","948","301","25","194","731","688","479","43","1325","41","36","50","111","105","35",".261","1963","1478","832","154","23540","8427","15113","127","103","27","7.7 %","21.3 %","0.36",".322",".428",".750",".166",".308","1.33","19.5 %","45.9 %","34.6 %","10.4 %","13.1 %","6.5 %","26.2 %",".324","41.2","751","8.8","-1.1","183.8","35.3","231.8","24.3","$157.9","4.6","101","6.03","-108.42","114.45","38.42","3.96","1.01","1.30","244","2.90","3.07","54.9 %","91.5","14.7 %","83.4","6.3 %","87.2","10.6 %","76.8","10.0 %","82.8","2.2 %","83.9","1.4 %","77.4","0.7 %","","49.1","-8.2","5.0","7.9","-4.5","0.0","-0.5","0.38","-0.24","0.34","0.32","-0.19","-0.01","-0.16","33.2 %","67.2 %","47.9 %","64.2 %","85.5 %","77.1 %","43.2 %","61.6 %","10.9 %","-4.1","32.3 %","12.9 %","5.9 %","1.8 %","0.0 %","9.5 %","15.9 %","10.0 %","0.2 %","0.0 %","10.2 %","","1.4 %","0.0 %","91.7","91.3","87.3","83.9","79.3","90.4","83.5","76.5","81.3","57.4","82.9","","77.6","-1.5","-1.9","0.3","-5.6","-6.4","-5.5","1.9","3.2","5.0","-4.3","-1.5","","0.5","8.9","6.8","4.7","1.9","3.6","4.5","1.1","-6.3","-3.9","-7.4","4.3","","2.3","14.6","3.8","15.8","2.4","-0.1","10.9","-25.4","14.0","-1.8","-0.1","-1.7","","1.1","0.19","0.13","1.15","0.57","-1.60","0.49","-0.68","0.60","-5.15","-5.70","-0.07","","0.36","32.7 %","65.3 %","47.9 %","62.0 %","85.6 %","77.0 %","46.8 %","22.5","34.2","0.7","-7.9","19 - 37","4.7","9.2","3.1","38.0 %","36.6 %","25.5 %","15.9 %","54.3 %","29.9 %","32.1 %","9.0 %","0.3 %","10.7 %","32.4 %","7.1 %","3.1 %","1.4 %","","22.7 %","13.5 %","0.0 %","83.4","73.5","77.7","92.6","87.5","84.3","78.1","","91.6","84.1","85.3","-1.2","7.8","3.2","-1.6","0.6","-5.5","0.5","","-3.6","1.9","5.1","4.6","-6.1","-5.6","9.7","4.7","2.6","2.8","","5.7","1.5","7.2","-7.4","-0.1","7.0","5.8","19.5","-2.9","0.0","","32.1","-19.3","0.0","-0.35","-0.17","0.28","0.08","1.18","-0.41","0.01","","0.61","-0.61","0.11","32.5 %","65.1 %","47.9 %","61.7 %","85.5 %","77.0 %","47.4 %","23.2"
"Diamondbacks","29","2213","5462","6150","1416","911","307","33","165","734","710","539","47","1266","41","45","61","108","93","51",".259","1788","1511","901","142","23875","8906","14969","102","102","18","8.8 %","20.6 %","0.43",".328",".418",".746",".159",".307","1.18","21.5 %","42.6 %","36.0 %","9.4 %","10.9 %","5.7 %","17.6 %",".323","34.1","736","-25.1","2.8","181.7","38.2","201.0","21.1","$136.9","4.6","97","-0.59","-103.70","103.11","24.95","2.31","0.94","1.06","226","2.59","-3.22","56.5 %","91.1","16.1 %","82.9","4.8 %","86.4","10.4 %","76.0","10.0 %","81.7","1.4 %","84.2","0.8 %","76.5","0.7 %","","26.4","-3.7","11.3","7.7","3.8","-1.6","-4.0","0.20","-0.10","0.99","0.31","0.16","-0.50","-2.08","29.4 %","64.5 %","44.8 %","65.5 %","86.8 %","79.0 %","43.9 %","60.5 %","9.4 %","-5.6","33.0 %","11.7 %","5.6 %","1.1 %","","10.5 %","16.9 %","10.0 %","0.0 %","","10.4 %","0.0 %","0.8 %","","91.4","90.7","87.1","83.6","","89.8","83.1","75.9","81.9","","81.9","71.3","76.6","-1.3","0.2","0.6","-4.9","","-2.8","2.0","2.1","1.5","","0.1","-5.0","0.5","8.6","6.9","5.0","3.0","","4.8","0.7","-6.1","-1.6","","3.9","-3.9","1.3","-10.9","18.5","-5.3","2.3","","13.0","6.0","1.6","-0.1","","3.1","-0.2","-4.0","-0.14","0.67","-0.40","0.87","","0.53","0.15","0.07","-2.44","","0.13","-8.92","-2.09","28.5 %","61.8 %","44.9 %","61.5 %","87.2 %","78.9 %","49.1 %","22.5","41.0","-8.2","-1.2","20 - 42","-30.7","9.1","3.8","39.8 %","34.9 %","25.3 %","15.2 %","53.5 %","31.4 %","32.0 %","9.6 %","0.1 %","10.6 %","34.5 %","6.3 %","1.7 %","0.8 %","0.0 %","21.6 %","14.7 %","0.0 %","82.7","69.7","77.2","92.6","87.4","85.1","77.7","71.5","91.1","83.7","84.6","-0.4","5.0","2.1","-1.4","0.8","-3.9","0.2","-2.0","-2.0","1.7","-1.0","4.4","-7.4","-5.8","9.5","4.9","3.2","1.6","-5.8","5.9","1.3","4.7","-2.2","-0.1","-0.5","0.0","-1.7","4.5","-4.2","-0.2","25.6","4.7","0.7","-0.10","-0.62","-0.02","0.00","-0.12","1.13","-2.17","-21.35","0.50","0.13","14.45","28.0 %","61.9 %","44.9 %","60.9 %","87.2 %","78.9 %","49.8 %","23.1"
"White Sox","28","2277","5518","6111","1409","941","228","29","211","748","726","461","24","1203","65","36","31","113","109","43",".255","1839","1551","932","165","23350","8385","14965","119","60","18","7.5 %","19.7 %","0.38",".318",".422",".740",".167",".289","1.19","21.6 %","42.5 %","35.9 %","10.6 %","13.6 %","6.5 %","30.0 %",".322","31.1","728","-11.2","21.2","180.5","-16.0","188.5","19.7","$128.4","4.7","98","-0.27","-109.78","109.51","16.03","1.64","0.99","1.34","71","0.35","-0.62","58.0 %","91.9","14.8 %","83.5","6.1 %","87.7","10.8 %","77.5","8.9 %","83.6","1.4 %","85.0","","","0.5 %","","55.3","-26.3","-9.4","-6.2","15.9","-2.4","","0.41","-0.76","-0.66","-0.25","0.77","-0.75","","31.9 %","64.8 %","46.8 %","66.7 %","87.8 %","79.9 %","45.3 %","60.4 %","9.4 %","-7.0","34.2 %","14.2 %","5.2 %","1.1 %","","9.3 %","16.6 %","10.3 %","","0.0 %","9.2 %","","","","92.1","91.9","88.6","84.7","","90.6","83.5","77.4","","58.0","83.7","","","-2.4","-4.3","0.3","-5.1","","-3.8","2.2","2.5","","3.9","-2.4","","","7.4","5.8","4.7","2.5","","3.9","-0.2","-6.8","","-6.7","3.3","","","21.1","29.5","-15.4","4.9","","9.7","-28.1","-6.4","","0.0","1.9","","","0.26","0.90","-1.27","1.92","","0.45","-0.73","-0.27","","0.07","0.09","","","31.1 %","62.5 %","46.8 %","64.7 %","87.4 %","79.8 %","49.9 %","21.7","5.2","-1.8","-4.7","23 - 36","-18.2","21.0","-0.5","40.7 %","33.8 %","25.6 %","17.2 %","54.7 %","28.1 %","30.7 %","8.6 %","0.1 %","11.5 %","34.7 %","7.0 %","1.6 %","","","23.2 %","13.3 %","0.0 %","84.3","65.4","78.2","93.0","87.7","85.0","","","91.9","84.2","81.4","-2.0","6.2","3.0","-2.1","0.9","-5.7","","","-4.1","2.3","3.3","4.3","-8.1","-5.3","9.0","4.8","2.8","","","5.6","1.1","1.3","10.5","0.8","-14.2","32.1","-16.9","4.8","","","18.0","-19.0","0.5","0.52","7.06","-0.53","0.40","-1.05","1.26","","","0.33","-0.61","25.32","30.9 %","62.6 %","46.8 %","64.5 %","87.4 %","79.8 %","50.1 %","22.2"
"Orioles","28","2282","5560","6160","1375","875","270","16","214","712","677","480","24","1315","50","30","38","152","58","29",".247","1891","1508","848","150","23867","8720","15147","120","66","17","7.8 %","21.3 %","0.37",".311",".417",".728",".170",".286","1.25","20.0 %","44.5 %","35.5 %","9.9 %","14.2 %","6.3 %","25.8 %",".317","5.4","708","-26.9","-11.5","182.0","-15.7","131.8","13.8","$89.8","3.7","96","-0.19","-105.40","105.21","-22.50","-2.69","0.96","1.54","78","-1.97","1.77","58.0 %","91.9","13.0 %","83.5","5.9 %","88.2","10.4 %","77.9","10.7 %","83.2","1.7 %","84.1","0.4 %","77.8","0.4 %","","30.4","-18.3","-11.5","-2.2","-14.0","-3.3","-5.1","0.22","-0.59","-0.83","-0.09","-0.55","-0.83","-4.97","31.2 %","64.3 %","45.6 %","65.4 %","85.8 %","77.9 %","43.5 %","60.0 %","10.0 %","-17.1","35.9 %","12.5 %","5.4 %","1.3 %","","9.0 %","14.9 %","9.8 %","0.0 %","0.0 %","10.8 %","0.0 %","0.4 %","0.0 %","92.1","91.7","88.9","83.8","","90.4","83.6","77.8","80.3","53.8","83.2","74.8","78.1","-2.2","-0.6","1.0","-5.0","","-0.6","1.8","4.1","4.2","8.8","-1.0","11.2","0.2","9.0","7.3","6.0","4.0","","5.1","1.0","-6.1","0.3","-8.6","5.0","-3.0","0.3","23.5","0.6","-7.0","-3.3","","-0.8","-20.3","-6.7","0.9","-0.2","-13.3","-0.3","-4.7","0.28","0.02","-0.55","-1.04","","-0.04","-0.57","-0.29","23.41","-2.57","-0.52","-7.89","-4.89","30.2 %","61.6 %","45.6 %","62.4 %","85.7 %","77.9 %","49.0 %","21.9","-27.3","-6.1","-3.9","19 - 41","-44.0","21.1","-7.1","42.4 %","34.8 %","22.8 %","16.1 %","53.0 %","31.0 %","32.6 %","10.0 %","0.0 %","10.2 %","36.7 %","6.4 %","2.1 %","0.4 %","0.0 %","21.0 %","13.1 %","0.0 %","84.0","54.5","78.7","93.2","89.0","85.0","78.9","75.9","91.8","84.3","86.2","-1.6","7.7","3.3","-1.8","0.9","-5.5","0.4","11.5","-2.7","1.6","-4.4","5.0","-8.6","-6.1","9.5","5.6","3.4","1.4","-2.4","5.8","1.1","7.7","-10.9","-0.2","-0.3","15.2","-8.5","-5.7","-5.1","-0.3","8.3","-22.4","-1.0","-0.46","-2.56","-0.01","0.17","-0.56","-1.17","-5.00","-7.89","0.17","-0.72","-11.15","29.7 %","62.0 %","45.6 %","62.0 %","85.8 %","77.9 %","49.2 %","22.6"
"Red Sox","29","2317","5604","6166","1459","939","339","16","165","734","695","428","27","1197","45","55","34","105","97","31",".260","1889","1601","945","151","24032","8650","15382","116","61","15","6.9 %","19.4 %","0.36",".315",".415",".730",".155",".301","1.18","21.3 %","42.6 %","36.1 %","9.4 %","10.3 %","6.1 %","24.6 %",".316","6.0","710","-39.7","29.4","182.1","-15.5","180.1","18.9","$122.6","4.2","95","-2.96","-106.88","103.92","-5.62","-0.80","0.98","1.19","104","-2.53","-0.51","58.6 %","91.8","13.8 %","83.0","5.6 %","88.0","9.5 %","77.3","11.0 %","83.3","1.5 %","84.1","","","0.4 %","","17.0","-5.8","8.9","-4.0","-4.0","-0.2","","0.12","-0.17","0.66","-0.18","-0.15","-0.07","","29.7 %","64.1 %","45.2 %","69.6 %","87.9 %","81.2 %","44.9 %","59.6 %","8.4 %","2.6","38.1 %","12.1 %","5.5 %","1.3 %","","7.3 %","15.5 %","9.3 %","0.0 %","0.0 %","10.8 %","0.0 %","","0.0 %","92.0","91.6","89.4","83.9","","90.6","83.3","77.4","81.3","63.1","83.3","74.3","","-1.7","0.1","0.8","-4.5","","-1.2","2.5","4.2","4.2","4.2","-0.7","15.0","","8.2","6.7","6.2","2.4","","4.2","0.8","-6.2","-2.3","-6.3","4.6","-0.8","","1.7","1.7","1.4","-0.9","","6.1","-3.6","-6.3","0.0","-0.2","0.1","0.6","","0.02","0.06","0.10","-0.30","","0.35","-0.10","-0.29","2.00","-3.86","0.00","28.53","","29.2 %","60.9 %","45.2 %","67.6 %","87.5 %","81.1 %","50.3 %","22.6","13.9","0.8","-4.4","22 - 36","-37.1","21.2","6.2","39.9 %","33.8 %","26.3 %","15.1 %","55.2 %","29.7 %","29.0 %","9.9 %","0.2 %","10.0 %","37.6 %","6.2 %","2.3 %","","0.0 %","20.9 %","13.0 %","0.0 %","83.8","71.2","78.3","92.8","88.6","84.8","","74.9","92.0","83.8","86.8","-1.4","7.9","3.1","-1.6","0.7","-5.1","","13.4","-3.0","2.0","-5.9","5.1","-7.5","-5.8","9.4","5.4","2.7","","-0.6","5.5","1.2","8.0","0.8","0.2","-4.0","-0.1","10.3","-4.7","","0.6","10.5","-13.9","0.0","0.03","0.47","-0.17","0.00","0.70","-0.85","","28.51","0.21","-0.45","0.23","29.1 %","60.7 %","45.1 %","67.2 %","87.5 %","81.0 %","50.8 %","23.2"
"Giants","29","2384","5558","6200","1495","1048","287","57","103","718","675","483","44","1097","29","61","69","115","118","39",".269","2081","1402","988","145","23426","8513","14913","146","120","23","7.8 %","17.7 %","0.44",".327",".397",".724",".128",".315","1.48","22.1 %","46.5 %","31.4 %","10.3 %","7.3 %","7.0 %","19.2 %",".314","-8.1","699","9.4","10.7","183.1","37.6","263.0","27.6","$179.1","5.6","101","9.98","-98.64","108.61","80.83","8.60","0.97","1.28","218","5.44","4.82","58.2 %","91.0","14.4 %","83.0","5.7 %","87.1","9.8 %","75.9","10.3 %","81.8","1.6 %","84.4","","","0.8 %","","6.6","-27.7","11.2","-13.2","28.4","-1.5","","0.05","-0.83","0.85","-0.58","1.18","-0.40","","32.5 %","66.0 %","46.9 %","70.6 %","88.4 %","81.4 %","43.0 %","59.9 %","8.7 %","13.0","32.4 %","12.9 %","6.4 %","1.5 %","","11.0 %","15.3 %","9.4 %","0.1 %","","11.0 %","","","","91.4","90.6","87.9","84.8","","89.9","83.1","75.9","81.6","","82.1","","","-1.1","-0.6","0.6","-5.3","","-4.3","1.6","2.0","5.2","","-0.7","","","7.8","6.3","5.7","1.8","","3.7","0.0","-6.6","-5.4","","3.8","","","-13.4","6.3","-3.5","0.0","","7.6","-21.9","-15.7","-0.1","","30.0","","","-0.18","0.21","-0.24","-0.01","","0.30","-0.62","-0.72","-0.50","","1.18","","","31.0 %","63.7 %","46.9 %","67.9 %","88.2 %","81.3 %","48.6 %","21.9","48.3","1.3","7.0","22 - 38","22.4","9.1","4.7","38.3 %","34.8 %","27.0 %","15.8 %","57.9 %","26.4 %","27.2 %","10.0 %","0.2 %","10.1 %","33.2 %","7.8 %","1.8 %","","","24.0 %","13.0 %","0.1 %","82.9","73.6","77.3","92.7","87.9","84.8","","","91.3","84.1","83.7","-0.9","6.9","2.4","-1.3","0.8","-4.2","","","-2.4","1.4","-0.9","4.6","-8.2","-5.8","9.3","5.5","2.3","","","5.6","1.0","2.4","27.9","0.3","-15.2","-22.5","8.8","-3.2","","","18.8","-24.3","-0.3","1.20","0.81","-0.65","-0.29","0.49","-0.76","","","0.34","-0.80","-2.65","30.6 %","63.7 %","46.9 %","67.4 %","88.2 %","81.3 %","49.2 %","22.7"
"Reds","28","2211","5477","6115","1377","879","296","30","172","669","636","481","54","1266","47","37","73","100","87","27",".251","1798","1500","887","151","23210","8363","14847","111","135","25","7.9 %","20.7 %","0.38",".315",".411",".726",".159",".296","1.20","21.2 %","43.0 %","35.8 %","10.1 %","11.5 %","6.2 %","18.5 %",".314","-9.6","688","-49.5","18.8","180.6","40.2","212.7","22.3","$144.9","4.4","93","4.35","-107.62","111.97","-20.35","-2.22","1.01","1.32","201","0.00","4.30","57.2 %","91.0","16.1 %","82.8","5.6 %","86.5","11.4 %","77.0","7.6 %","82.2","1.4 %","83.9","0.7 %","76.6","0.9 %","","3.4","-35.8","-12.2","3.5","32.0","0.8","4.5","0.03","-0.97","-0.94","0.13","1.83","0.24","2.71","30.4 %","67.8 %","46.9 %","64.8 %","86.9 %","78.9 %","44.2 %","62.3 %","9.8 %","13.5","33.1 %","12.5 %","5.3 %","1.0 %","","10.3 %","17.1 %","10.8 %","0.7 %","0.0 %","8.5 %","","0.7 %","0.0 %","91.3","90.7","86.6","84.2","","90.2","83.1","76.8","81.5","53.3","82.5","","76.8","-1.8","-1.2","0.7","-5.1","","-5.2","2.2","3.4","6.3","-4.8","-0.7","","0.0","8.9","6.9","5.8","1.2","","4.3","1.2","-6.4","-6.1","-7.4","4.5","","0.7","-21.0","-0.5","0.1","0.5","","11.1","-50.3","5.4","-3.7","0.1","35.5","","4.4","-0.28","-0.02","0.01","0.21","","0.47","-1.28","0.22","-2.14","5.54","1.82","","2.71","29.5 %","65.0 %","46.9 %","61.9 %","86.7 %","78.8 %","49.1 %","22.2","59.1","0.6","9.2","22 - 38","-36.0","9.0","3.7","39.1 %","34.1 %","26.9 %","16.3 %","56.2 %","27.5 %","31.4 %","7.2 %","0.1 %","11.7 %","33.1 %","6.7 %","1.6 %","0.7 %","0.0 %","23.9 %","14.9 %","","83.1","73.5","78.1","92.4","87.2","84.5","77.8","87.0","91.3","83.7","","-0.9","6.6","3.1","-2.0","0.5","-4.5","-0.5","-4.3","-3.6","2.1","","4.8","-6.9","-6.1","9.5","5.1","1.7","1.2","4.2","5.5","1.2","","29.4","0.2","5.6","-27.9","-8.2","1.7","4.6","0.6","16.3","-39.2","","1.77","0.68","0.21","-0.37","-0.53","0.49","2.77","6.23","0.30","-1.14","","29.8 %","64.6 %","46.9 %","62.7 %","86.5 %","78.8 %","49.2 %","22.9"
"Twins","28","2271","5562","6209","1448","1017","270","30","131","701","666","505","28","1069","53","56","33","149","135","37",".260","2180","1353","945","135","24161","8889","15272","151","104","34","8.1 %","17.2 %","0.47",".325",".390",".715",".130",".298","1.61","21.1 %","48.7 %","30.2 %","10.0 %","9.7 %","6.9 %","32.7 %",".313","-10.8","698","-33.2","-19.3","183.4","-15.7","137.2","14.4","$93.4","4.9","95","-5.08","-114.46","109.38","-21.59","-2.42","1.05","1.42","63","-0.76","-4.08","60.7 %","91.9","13.0 %","83.2","6.3 %","87.5","9.9 %","77.5","8.9 %","83.2","1.3 %","84.2","","","0.5 %","","8.3","-10.2","-3.5","-17.9","8.0","5.3","","0.06","-0.33","-0.23","-0.75","0.37","1.72","","28.3 %","60.5 %","43.1 %","71.9 %","89.6 %","83.3 %","46.1 %","59.6 %","7.2 %","0.7","39.1 %","12.1 %","5.8 %","1.0 %","","8.1 %","15.4 %","9.3 %","0.1 %","0.0 %","9.2 %","0.0 %","","0.0 %","92.2","91.6","88.6","84.0","","90.2","83.5","77.4","81.2","52.6","83.4","72.6","","-1.7","0.7","1.0","-4.2","","-2.8","2.1","3.8","6.5","9.7","-0.5","3.6","","7.9","6.3","5.6","2.6","","3.9","0.2","-6.1","-2.6","-6.7","3.6","-3.4","","0.9","2.3","2.5","-1.3","","-5.4","-24.3","-13.2","0.1","0.0","13.5","0.2","","0.01","0.08","0.18","-0.56","","-0.28","-0.66","-0.59","0.50","-0.13","0.61","3.29","","26.8 %","58.4 %","43.1 %","68.9 %","89.5 %","83.3 %","51.6 %","22.1","-35.0","5.3","2.5","23 - 38","-32.5","21.3","-7.1","37.8 %","37.0 %","25.2 %","16.0 %","57.7 %","26.3 %","27.5 %","8.3 %","0.0 %","10.6 %","39.7 %","6.4 %","1.9 %","","0.0 %","21.0 %","12.0 %","","84.0","62.9","78.4","92.9","88.0","84.4","","73.1","91.8","84.1","","-1.4","7.4","2.9","-1.2","0.9","-4.0","","3.4","-3.6","1.7","","4.7","-9.0","-4.9","9.3","5.0","2.9","","-2.3","5.4","0.9","","6.7","0.5","-15.6","19.5","-0.5","3.7","","0.2","-20.2","-18.6","","0.33","6.40","-0.61","0.20","-0.03","0.83","","3.30","-0.40","-0.64","","26.7 %","58.3 %","43.1 %","68.7 %","89.3 %","83.2 %","52.0 %","22.8"
"Phillies","30","2294","5544","6172","1414","957","271","28","158","684","659","454","41","1094","63","39","72","115","116","23",".255","2112","1419","897","151","23394","8555","14839","134","133","30","7.4 %","17.7 %","0.41",".317",".400",".716",".144",".290","1.49","20.3 %","47.7 %","32.0 %","10.6 %","11.1 %","6.3 %","22.6 %",".311","-21.4","683","-51.5","20.1","182.3","37.4","208.1","21.8","$141.7","4.9","93","0.48","-110.53","111.01","-1.21","-0.07","1.04","1.42","268","-2.54","3.00","58.0 %","91.5","14.2 %","83.2","4.2 %","87.6","10.8 %","76.8","10.1 %","82.8","1.5 %","83.9","1.1 %","77.2","0.7 %","","-13.4","-3.4","-3.5","1.0","1.2","-0.3","1.8","-0.10","-0.10","-0.35","0.04","0.05","-0.07","0.72","31.1 %","63.1 %","44.8 %","68.9 %","89.4 %","81.3 %","43.0 %","58.7 %","8.3 %","10.7","33.0 %","13.6 %","4.3 %","1.1 %","","11.3 %","14.5 %","10.5 %","0.2 %","0.0 %","10.5 %","","1.1 %","","91.8","91.3","87.1","83.6","","90.5","83.3","76.6","82.2","56.2","83.0","","77.2","-1.6","-3.1","-0.3","-6.3","","-5.3","1.1","1.4","3.1","3.8","-2.6","","-0.9","8.5","6.5","5.4","2.1","","5.0","0.5","-6.2","-5.3","-9.5","4.2","","1.8","15.2","-26.6","3.3","-2.8","","-12.6","-26.4","10.0","-1.8","0.4","7.5","","1.0","0.20","-0.84","0.33","-1.06","","-0.48","-0.79","0.41","-5.15","7.54","0.31","","0.41","29.3 %","61.2 %","44.9 %","65.4 %","89.2 %","81.3 %","48.8 %","21.8","57.5","7.6","1.5","22 - 41","-40.8","9.1","1.6","41.2 %","35.3 %","23.4 %","16.7 %","57.4 %","25.9 %","27.6 %","9.6 %","0.3 %","11.0 %","32.5 %","6.0 %","1.8 %","1.1 %","","24.9 %","12.8 %","0.0 %","83.4","73.4","77.8","92.8","87.8","84.9","78.2","","91.5","84.0","90.2","-1.8","7.3","2.1","-1.5","0.4","-4.7","-0.2","","-2.7","1.6","-4.4","4.6","-7.8","-6.0","9.4","5.4","3.0","2.5","","5.6","1.1","8.2","0.3","0.7","2.8","11.0","10.8","-2.8","1.5","","-37.6","-19.0","0.4","0.02","0.87","0.11","0.15","0.79","-0.67","0.59","","-0.65","-0.64","6.16","29.3 %","61.0 %","44.9 %","65.1 %","89.3 %","81.2 %","49.1 %","22.4"
"Rays","29","2406","5398","6105","1293","838","250","30","175","697","665","571","26","1323","58","42","34","133","134","44",".240","1734","1514","813","184","23526","8952","14574","113","88","22","9.4 %","21.7 %","0.43",".317",".394",".711",".155",".284","1.15","20.0 %","42.7 %","37.3 %","12.2 %","11.6 %","6.5 %","25.0 %",".311","-18.6","678","-0.3","9.0","180.3","-16.5","192.7","20.2","$131.3","4.9","100","-2.90","-110.13","107.24","14.84","1.88","1.02","1.63","154","-0.06","-2.77","55.6 %","91.9","14.9 %","83.0","6.7 %","87.8","10.1 %","77.4","10.2 %","83.6","2.0 %","84.8","0.4 %","78.0","0.5 %","","34.1","-15.5","-14.5","-6.8","-24.0","-4.3","-5.4","0.26","-0.44","-0.92","-0.29","-1.00","-0.92","-5.39","28.4 %","64.6 %","44.3 %","64.2 %","84.4 %","77.2 %","44.1 %","59.8 %","10.1 %","-0.7","35.0 %","11.6 %","6.7 %","1.5 %","","7.9 %","16.3 %","10.2 %","","0.0 %","10.4 %","0.0 %","0.4 %","","91.9","91.7","89.2","84.6","","91.1","83.3","77.5","","54.7","83.7","75.2","78.3","-1.5","1.5","1.5","-4.7","","0.0","2.5","4.5","","9.3","0.0","16.9","2.8","8.7","7.0","6.5","2.6","","4.7","0.9","-6.3","","-7.8","4.5","0.8","1.8","30.8","-4.5","-2.4","-3.9","","-0.7","-25.0","-5.9","","0.5","-27.9","0.5","-5.3","0.38","-0.16","-0.15","-1.10","","-0.04","-0.65","-0.25","","6.64","-1.15","16.35","-5.42","26.2 %","62.7 %","44.3 %","57.9 %","85.2 %","77.1 %","49.6 %","22.9","-7.5","2.8","0.4","23 - 38","-1.0","21.0","-3.9","45.7 %","33.2 %","21.1 %","15.7 %","55.8 %","28.5 %","33.9 %","9.3 %","0.2 %","10.7 %","34.3 %","6.9 %","2.9 %","0.4 %","0.0 %","20.7 %","14.6 %","0.0 %","84.5","69.1","78.3","92.8","88.5","84.9","78.7","76.0","92.2","83.9","92.3","-0.8","8.8","3.4","-1.0","0.8","-5.1","0.6","14.6","-3.4","1.5","7.2","4.8","-8.4","-6.0","9.6","5.6","2.6","1.5","0.4","5.4","0.9","7.9","-17.1","0.5","-7.9","30.4","-10.5","-8.3","-5.5","0.5","-7.3","-18.1","0.0","-0.79","1.25","-0.32","0.38","-0.66","-1.21","-5.48","16.35","-0.15","-0.53","3.52","26.3 %","62.8 %","44.3 %","57.9 %","85.3 %","77.0 %","49.3 %","23.7"
"Blue Jays","28","2289","5487","6094","1346","879","247","22","198","716","677","473","29","1251","55","45","33","109","123","41",".245","1862","1541","830","173","23325","8486","14839","141","79","30","7.8 %","20.5 %","0.38",".309",".407",".716",".161",".281","1.21","19.6 %","44.0 %","36.4 %","11.2 %","12.8 %","7.6 %","38.0 %",".311","-19.4","676","-58.3","-3.1","180.0","-16.1","125.8","13.2","$85.7","4.6","92","-5.31","-108.42","103.11","-19.41","-2.20","0.98","1.40","94","-2.29","-3.11","56.7 %","91.8","14.7 %","83.0","6.6 %","87.5","10.2 %","77.3","10.1 %","83.3","1.8 %","84.8","","","0.5 %","","13.7","-14.6","-6.4","-7.5","3.4","-2.6","","0.10","-0.43","-0.42","-0.32","0.14","-0.64","","30.4 %","65.1 %","45.8 %","64.7 %","86.4 %","78.4 %","44.4 %","60.5 %","9.9 %","2.5","34.9 %","12.1 %","6.0 %","1.4 %","","8.4 %","16.7 %","10.0 %","0.0 %","0.0 %","10.3 %","0.1 %","","","92.0","91.8","88.6","84.5","","90.3","83.4","77.3","82.5","52.7","83.5","76.1","","-1.7","-2.8","0.3","-4.9","","-4.7","1.7","2.9","1.9","5.3","-1.4","6.8","","8.1","6.8","5.4","2.7","","3.2","0.3","-6.3","-4.9","-7.6","4.2","-0.7","","2.5","-1.0","-7.4","-1.2","","10.4","-16.3","-5.3","0.4","0.0","-7.6","0.7","","0.03","-0.04","-0.53","-0.37","","0.53","-0.42","-0.23","5.29","-0.70","-0.32","5.95","","29.4 %","62.5 %","45.8 %","60.9 %","86.6 %","78.3 %","49.6 %","21.2","-19.3","2.1","0.1","21 - 45","-55.8","20.9","0.3","40.7 %","34.5 %","24.8 %","14.8 %","56.1 %","29.1 %","31.5 %","9.5 %","0.1 %","10.3 %","35.3 %","7.6 %","2.1 %","","0.0 %","20.7 %","14.3 %","0.1 %","84.1","68.7","78.1","92.9","88.0","84.9","","73.1","91.9","83.8","91.9","-1.2","7.3","2.9","-1.4","0.6","-4.7","","7.3","-3.7","2.3","4.9","4.9","-8.5","-5.8","9.3","5.2","3.5","","-3.2","5.5","0.9","7.6","-4.2","0.7","-8.1","5.0","-12.4","-0.5","","-0.5","9.7","-13.7","0.4","-0.19","2.34","-0.34","0.06","-0.70","-0.11","","-7.74","0.20","-0.41","1.91","29.6 %","62.4 %","45.8 %","61.2 %","86.6 %","78.3 %","49.5 %","21.9"
"Royals","27","2249","5636","6149","1492","1029","295","37","131","676","643","404","35","1032","42","41","26","130","132","38",".265","2117","1469","1002","159","23309","8232","15077","125","83","25","6.6 %","16.8 %","0.39",".317",".400",".716",".135",".302","1.44","21.8 %","46.1 %","32.0 %","10.8 %","8.9 %","5.9 %","30.1 %",".311","-19.2","682","-43.4","-4.1","181.6","-16.0","131.8","13.8","$89.8","5.2","94","-7.98","-116.23","108.25","-45.26","-4.71","1.04","1.53","59","-4.73","-2.95","57.5 %","92.0","14.6 %","83.1","6.7 %","87.7","9.8 %","77.5","10.2 %","83.5","1.2 %","84.3","","","0.7 %","","18.7","-21.4","-17.0","0.0","-13.7","-0.9","","0.14","-0.63","-1.10","0.00","-0.58","-0.32","","32.9 %","63.6 %","46.6 %","72.3 %","88.7 %","82.3 %","44.8 %","58.0 %","8.2 %","-7.4","34.3 %","15.0 %","6.0 %","0.9 %","","7.9 %","15.3 %","9.6 %","0.2 %","0.0 %","10.7 %","0.1 %","","","92.0","92.0","88.6","84.5","","90.7","83.2","77.7","80.8","53.9","83.6","73.7","","-1.6","-3.0","0.0","-4.5","","-4.0","1.2","2.7","6.0","3.3","-2.0","10.8","","8.6","6.4","5.2","3.5","","4.5","0.3","-5.4","-6.0","-7.2","4.1","-4.6","","-9.1","-1.5","-2.8","1.9","","13.2","-28.9","-3.9","-0.4","-0.2","-10.9","0.7","","-0.12","-0.04","-0.20","0.93","","0.72","-0.82","-0.17","-1.03","-2.57","-0.44","5.18","","32.0 %","61.4 %","46.6 %","69.8 %","88.7 %","82.2 %","49.7 %","21.1","-20.1","4.8","-8.5","22 - 35","-50.8","21.1","-3.7","38.5 %","35.7 %","25.7 %","15.3 %","57.6 %","27.1 %","25.5 %","9.4 %","0.1 %","10.5 %","35.6 %","6.8 %","2.0 %","","0.1 %","21.6 %","14.0 %","0.0 %","84.2","65.2","78.4","92.9","88.4","84.5","","74.2","91.9","83.8","89.2","-1.5","7.1","2.9","-1.1","0.8","-5.3","","11.4","-3.2","1.7","4.6","4.4","-7.7","-4.9","9.1","5.4","3.3","","-2.9","5.7","0.7","7.0","-20.1","-1.1","-3.7","4.4","-10.3","-2.3","","0.7","15.4","-24.6","0.2","-0.93","-4.78","-0.15","0.05","-0.65","-0.49","","4.81","0.31","-0.76","5.20","31.8 %","61.3 %","46.6 %","69.8 %","88.5 %","82.2 %","50.3 %","21.8"
"Athletics","28","2247","5527","6183","1315","821","267","32","195","713","676","550","29","1387","45","34","27","97","122","32",".238","1633","1643","871","200","24660","9170","15490","100","54","12","8.9 %","22.4 %","0.40",".310",".404",".714",".166",".281","0.99","21.0 %","39.4 %","39.6 %","12.2 %","11.9 %","6.1 %","22.2 %",".311","-20.0","685","-19.2","3.9","182.6","-16.3","191.7","20.1","$130.6","5.1","97","1.51","-103.36","104.87","15.45","1.42","0.96","1.55","110","1.85","-0.28","59.3 %","91.5","13.7 %","82.9","4.9 %","87.7","10.1 %","77.0","10.4 %","83.0","1.7 %","84.1","","","0.5 %","","0.2","-1.4","7.5","-3.1","-18.8","-4.7","","0.00","-0.04","0.63","-0.12","-0.74","-1.12","","28.0 %","63.5 %","43.9 %","63.9 %","85.4 %","77.8 %","44.9 %","58.7 %","9.7 %","19.4","35.0 %","14.5 %","4.5 %","1.5 %","","8.6 %","14.7 %","10.0 %","0.0 %","0.0 %","11.1 %","0.0 %","","0.0 %","91.8","91.2","88.3","84.1","","90.4","83.2","76.8","85.0","56.0","83.4","72.2","","-1.6","0.4","0.6","-5.2","","-3.2","1.6","3.5","0.6","3.0","-0.3","2.8","","8.4","6.8","6.1","3.4","","4.7","0.7","-6.0","1.2","-7.1","4.2","-1.2","","18.6","-13.5","-7.1","-6.3","","3.7","4.3","-6.1","0.0","0.5","-20.0","1.4","","0.22","-0.38","-0.65","-1.70","","0.18","0.12","-0.25","3.52","17.06","-0.74","16.03","","27.0 %","60.7 %","44.0 %","60.7 %","85.2 %","77.7 %","50.4 %","22.4","-12.4","5.4","9.3","23 - 39","0.3","21.2","4.7","41.3 %","35.7 %","23.0 %","16.3 %","56.4 %","27.4 %","34.5 %","9.7 %","0.2 %","10.0 %","36.8 %","5.2 %","2.0 %","","0.0 %","22.5 %","13.5 %","0.0 %","83.9","69.4","78.0","92.9","88.5","84.9","","70.2","91.7","83.9","80.3","0.0","7.9","3.1","-1.1","1.0","-5.1","","3.2","-2.1","1.6","0.0","4.7","-8.5","-5.6","9.2","5.3","3.6","","-2.8","5.9","1.3","2.7","-20.3","0.8","-2.8","-9.0","3.0","0.4","","0.4","14.1","-10.7","0.1","-0.86","2.07","-0.11","-0.10","0.23","0.08","","8.62","0.26","-0.33","1.89","26.8 %","60.5 %","44.0 %","60.1 %","85.2 %","77.7 %","51.1 %","22.9"
"Indians","28","2339","5525","6195","1385","959","266","24","136","667","635","555","28","1087","59","39","17","142","110","44",".251","2065","1452","929","144","24063","9093","14970","107","48","22","9.0 %","17.5 %","0.51",".324",".381",".705",".131",".288","1.42","20.9 %","46.4 %","32.7 %","9.9 %","9.4 %","5.2 %","45.8 %",".310","-25.4","681","-24.2","-38.8","183.0","-16.3","111.4","11.7","$75.9","4.2","97","-2.56","-106.21","103.66","-27.79","-2.98","0.99","1.85","77","-3.40","0.82","57.6 %","91.8","13.0 %","82.9","5.5 %","87.8","10.8 %","77.5","11.3 %","83.5","1.9 %","83.7","","","0.4 %","","5.5","-20.2","-0.5","-8.0","5.7","-7.5","","0.04","-0.65","-0.04","-0.31","0.21","-1.65","","26.7 %","63.5 %","43.4 %","69.2 %","88.4 %","81.9 %","45.4 %","58.8 %","7.8 %","-13.6","36.4 %","12.9 %","4.6 %","1.5 %","","7.6 %","14.7 %","10.4 %","0.1 %","","11.7 %","0.1 %","0.0 %","0.0 %","91.9","91.4","88.9","84.1","","90.9","83.1","77.6","81.4","","83.5","75.3","72.9","-1.4","-0.4","0.9","-5.2","","0.4","1.4","3.4","6.2","","-1.6","12.0","-8.2","8.2","6.7","5.3","2.4","","5.7","0.3","-5.9","-5.8","","4.0","-2.0","8.7","1.2","-3.3","-2.6","-7.2","","3.9","-25.7","-6.2","-0.6","","3.9","-0.6","-0.4","0.01","-0.11","-0.24","-1.95","","0.22","-0.73","-0.25","-2.03","","0.14","-2.07","-9.84","25.3 %","60.8 %","43.4 %","64.2 %","88.9 %","81.8 %","51.0 %","22.1","-55.1","-2.5","-7.9","23 - 39","-37.7","21.3","-3.2","41.7 %","34.1 %","24.3 %","15.1 %","59.1 %","25.9 %","28.7 %","10.2 %","0.1 %","11.8 %","37.5 %","5.9 %","2.8 %","","0.1 %","20.4 %","11.4 %","0.0 %","84.2","71.7","78.4","92.8","88.1","84.2","","75.7","91.9","83.7","86.0","-2.3","8.1","2.5","-0.4","0.4","-4.6","","12.0","-3.2","1.1","-4.6","4.7","-9.3","-5.1","9.1","5.0","2.6","","-1.8","6.0","0.7","6.7","3.7","-0.6","-7.3","2.9","1.7","-5.2","","-0.6","-9.5","-21.9","-0.1","0.15","-4.69","-0.26","0.03","0.12","-0.79","","-2.07","-0.20","-0.80","-2.52","25.2 %","60.5 %","43.4 %","64.0 %","88.9 %","81.9 %","51.4 %","22.8"
"Braves","29","2264","5425","6126","1341","899","263","30","149","700","660","567","37","1289","34","46","53","109","101","32",".247","1886","1377","867","138","24086","9069","15017","119","105","25","9.3 %","21.0 %","0.44",".320",".389",".709",".142",".296","1.37","21.0 %","45.7 %","33.3 %","10.0 %","10.8 %","6.3 %","23.8 %",".310","-31.1","668","-56.1","49.7","180.9","36.4","227.2","23.8","$154.7","4.6","92","3.55","-98.42","101.96","22.95","2.30","0.94","1.10","250","2.31","1.45","55.9 %","91.4","14.6 %","82.7","5.8 %","87.2","10.2 %","77.0","10.6 %","82.7","2.0 %","84.1","0.9 %","76.5","0.6 %","","-0.3","-35.3","-1.7","-7.6","16.3","-1.0","5.7","0.00","-1.01","-0.12","-0.31","0.65","-0.21","2.77","28.6 %","64.9 %","44.6 %","64.5 %","85.5 %","78.0 %","44.0 %","58.0 %","9.8 %","7.2","35.0 %","11.8 %","5.4 %","1.8 %","0.0 %","8.6 %","16.0 %","9.5 %","0.2 %","0.0 %","10.9 %","","0.8 %","","91.5","91.2","87.0","84.4","79.6","90.3","82.9","76.9","82.1","51.4","82.8","","76.5","-0.7","-0.5","-0.3","-5.5","-7.7","-2.2","1.0","2.0","5.3","9.1","-1.3","","-1.0","8.1","6.5","5.1","2.4","0.4","4.2","0.4","-6.2","-5.5","-8.7","4.1","","0.7","-4.3","3.3","-2.5","-4.9","0.1","-0.3","-32.9","-11.1","1.0","0.2","12.8","","5.3","-0.05","0.12","-0.19","-1.14","1.76","-0.01","-0.86","-0.49","2.10","7.22","0.49","","2.68","28.4 %","62.1 %","44.6 %","62.5 %","85.5 %","77.9 %","48.2 %","21.2","86.1","0.9","3.9","21 - 41","-48.9","9.0","2.4","38.9 %","34.8 %","26.3 %","14.9 %","54.8 %","30.3 %","32.7 %","9.7 %","0.2 %","10.2 %","33.5 %","7.7 %","2.7 %","0.8 %","0.0 %","21.7 %","13.4 %","0.0 %","83.5","73.9","78.0","92.6","88.2","84.7","77.5","86.6","91.5","83.4","83.0","-1.0","7.4","2.2","-0.8","0.3","-5.0","-0.7","-5.2","-1.0","0.9","-3.5","5.0","-6.7","-5.6","9.4","5.6","2.6","1.1","7.1","5.9","1.3","5.0","19.9","-1.1","-7.1","-15.6","-4.2","-3.3","5.3","0.1","6.1","-32.8","0.3","0.86","-2.14","-0.29","-0.19","-0.23","-0.51","2.66","2.16","0.12","-1.02","7.08","28.4 %","61.9 %","44.6 %","62.0 %","85.7 %","78.0 %","48.5 %","21.7"
"Padres","28","2384","5422","6112","1339","903","272","43","121","651","610","539","36","1238","54","34","63","100","155","46",".247","2008","1300","838","109","22939","8590","14349","123","135","36","8.8 %","20.3 %","0.44",".319",".380",".699",".133",".297","1.54","20.2 %","48.4 %","31.4 %","8.4 %","9.3 %","6.1 %","26.7 %",".307","-46.2","651","-22.2","-9.7","180.5","36.6","208.0","21.8","$141.7","5.5","97","1.70","-108.42","110.12","13.48","1.81","1.03","1.38","278","3.91","-2.26","55.4 %","90.9","14.0 %","83.3","5.7 %","87.2","11.1 %","76.5","11.0 %","81.7","2.0 %","84.5","0.8 %","76.6","0.7 %","","16.8","-24.2","-7.8","6.1","-11.9","-1.7","-2.9","0.13","-0.76","-0.60","0.24","-0.47","-0.38","-1.64","28.7 %","67.0 %","45.5 %","63.5 %","86.4 %","78.3 %","44.0 %","60.9 %","9.8 %","13.8","31.2 %","13.0 %","6.4 %","1.8 %","","8.6 %","16.0 %","10.5 %","0.4 %","","11.4 %","","0.8 %","0.0 %","91.3","90.3","88.3","85.0","","89.7","83.7","76.3","81.5","","81.9","","76.8","-1.4","-0.1","1.1","-4.8","","-3.4","2.2","3.2","7.2","","-0.3","","0.6","8.3","6.9","5.3","2.2","","3.4","0.7","-6.3","-6.7","","4.0","","1.9","24.4","-4.0","-12.8","-5.1","","-4.0","-29.9","2.0","0.6","","-9.1","","-3.7","0.34","-0.14","-0.88","-1.25","","-0.20","-0.82","0.08","0.57","","-0.35","","-2.05","27.4 %","64.5 %","45.5 %","59.5 %","86.5 %","78.2 %","48.9 %","21.5","26.9","6.1","2.7","22 - 37","-8.4","9.0","5.0","37.2 %","37.3 %","25.5 %","15.1 %","56.4 %","28.4 %","31.1 %","10.8 %","0.1 %","11.0 %","31.5 %","7.5 %","1.9 %","0.8 %","0.0 %","23.6 %","12.8 %","0.0 %","82.8","72.1","77.6","92.5","88.5","85.2","77.7","86.4","91.2","84.0","49.4","-1.2","7.9","2.8","-1.5","0.5","-4.1","0.1","-5.9","-3.2","1.8","2.1","4.8","-8.5","-5.8","9.5","5.6","2.6","2.4","5.7","5.7","1.4","6.6","-16.4","0.5","6.1","1.0","-8.9","0.2","-3.5","-0.1","7.6","-26.7","0.1","-0.67","2.23","0.25","0.01","-0.52","0.04","-1.94","-1.12","0.14","-0.92","6.08","27.2 %","64.2 %","45.5 %","59.2 %","86.5 %","78.2 %","49.5 %","22.4"
"Mets","29","2420","5450","6091","1357","911","286","21","139","650","625","503","43","1250","42","30","64","118","79","38",".249","1888","1367","934","123","23623","8717","14906","121","105","14","8.3 %","20.5 %","0.40",".316",".386",".701",".137",".298","1.38","22.3 %","45.1 %","32.6 %","9.0 %","10.2 %","6.4 %","13.3 %",".306","-47.8","647","-45.6","-27.5","179.9","34.7","147.3","15.4","$100.3","3.9","94","1.02","-102.92","103.94","1.83","0.28","1.00","1.38","323","-1.08","2.11","58.8 %","91.2","13.1 %","83.0","5.4 %","86.8","11.1 %","76.6","10.1 %","82.1","1.6 %","84.2","","","0.7 %","","-44.2","-24.9","15.0","-8.6","9.2","5.1","","-0.32","-0.81","1.18","-0.33","0.39","1.33","","28.3 %","63.0 %","43.5 %","67.2 %","88.2 %","80.5 %","43.8 %","60.1 %","8.4 %","-3.2","33.4 %","14.5 %","6.0 %","1.5 %","0.0 %","9.5 %","13.3 %","10.9 %","","","10.8 %","","","0.0 %","91.6","91.0","86.9","84.8","80.4","90.2","83.1","76.5","","","82.3","","","-1.3","-0.5","0.3","-5.9","-6.1","-3.6","1.5","2.4","","","-1.1","","","8.6","6.7","5.7","1.6","1.9","4.2","0.6","-6.7","","","4.2","","","-5.1","-18.3","1.5","0.5","-0.4","-22.6","-17.0","-5.2","","","5.8","","","-0.07","-0.54","0.11","0.13","-4.27","-1.01","-0.54","-0.20","","","0.23","","","27.6 %","60.0 %","43.5 %","65.1 %","87.7 %","80.5 %","49.2 %","21.3","7.2","-5.7","1.2","22 - 41","-48.8","9.0","1.3","38.6 %","35.0 %","26.4 %","16.1 %","56.9 %","27.0 %","31.1 %","9.3 %","0.3 %","11.1 %","33.9 %","6.7 %","2.2 %","","","24.6 %","11.9 %","0.0 %","83.0","75.5","77.7","92.7","87.6","85.1","","","91.5","84.0","67.2","-0.8","8.5","2.4","-1.2","0.4","-5.5","","","-1.8","1.6","4.1","4.8","-8.3","-6.1","9.5","5.8","2.2","","","5.9","1.1","-2.2","6.7","-2.8","-8.4","-13.7","7.3","5.0","","","-38.1","-18.0","0.0","0.31","-3.64","-0.32","-0.17","0.46","0.96","","","-0.66","-0.65","4.00","27.1 %","59.7 %","43.5 %","64.4 %","87.7 %","80.5 %","50.2 %","22.0"
"Pirates","28","2360","5412","6014","1313","865","241","37","170","651","620","444","32","1354","51","45","62","98","73","52",".243","1839","1426","792","143","23140","8150","14990","134","107","21","7.4 %","22.5 %","0.33",".304",".395",".699",".152",".291","1.29","19.5 %","45.3 %","35.1 %","10.0 %","11.9 %","7.3 %","19.6 %",".304","-59.1","627","-67.6","-19.4","177.6","34.5","133.8","14.0","$91.1","4.3","91","-2.24","-104.62","102.37","-16.91","-1.90","0.99","1.46","268","-2.09","-0.17","56.9 %","91.3","15.3 %","82.9","5.9 %","86.8","10.5 %","76.7","8.8 %","82.1","1.8 %","83.9","0.8 %","77.5","0.6 %","","-16.0","-30.8","5.5","-2.6","12.1","-1.3","-2.5","-0.12","-0.87","0.41","-0.11","0.60","-0.31","-1.32","32.3 %","64.2 %","46.4 %","65.2 %","86.8 %","78.4 %","44.3 %","61.0 %","9.9 %","-0.3","33.7 %","11.2 %","6.6 %","1.3 %","0.0 %","10.3 %","16.4 %","10.7 %","0.1 %","","9.1 %","","0.9 %","","91.8","90.8","87.7","83.8","81.1","89.8","83.1","76.9","81.0","","82.4","","77.5","-2.3","-1.1","0.4","-4.7","-8.9","-5.8","2.0","3.4","3.7","","-2.0","","-0.1","8.4","6.5","5.1","2.5","1.2","4.0","0.7","-6.1","-2.0","","4.2","","1.6","-11.1","-22.8","-10.2","-6.3","0.8","9.6","-31.6","2.6","-0.1","","24.2","","-2.7","-0.14","-0.89","-0.68","-2.16","78.76","0.41","-0.84","0.11","-0.99","","1.16","","-1.40","30.9 %","62.0 %","46.4 %","62.3 %","86.3 %","78.3 %","49.8 %","22.2","15.2","-12.1","8.0","23 - 37","-67.8","8.9","3.8","39.3 %","34.5 %","26.2 %","17.3 %","55.2 %","27.5 %","32.7 %","8.3 %","0.1 %","11.3 %","33.6 %","7.1 %","2.0 %","0.9 %","","23.0 %","13.8 %","0.0 %","82.9","70.8","78.1","93.0","87.7","84.8","78.7","","91.2","83.9","92.4","-2.3","7.3","3.1","-2.6","0.4","-4.9","0.0","","-3.8","1.7","4.0","4.5","-7.1","-5.4","9.4","5.0","3.1","1.6","","5.5","1.3","10.3","13.3","2.2","-11.4","-13.7","1.6","-2.7","-2.5","","-6.9","-25.6","-0.1","0.71","10.48","-0.44","-0.18","0.10","-0.60","-1.31","","-0.13","-0.82","-4.74","30.6 %","62.2 %","46.3 %","62.1 %","86.4 %","78.3 %","49.7 %","22.7"
"Dodgers","29","2356","5438","6091","1369","961","269","23","116","637","607","481","49","1156","52","38","82","139","104","44",".252","1966","1348","936","124","23585","8510","15075","130","151","25","7.9 %","19.0 %","0.42",".317",".374",".690",".122",".298","1.46","22.0 %","46.3 %","31.7 %","9.2 %","8.6 %","6.6 %","16.6 %",".302","-70.9","624","-73.3","6.3","179.9","34.4","147.7","15.5","$100.6","4.2","90","-1.77","-112.52","110.76","-22.55","-1.79","1.08","1.54","242","-3.22","1.57","59.6 %","91.4","13.4 %","83.2","5.7 %","87.0","9.8 %","76.8","9.6 %","82.1","1.4 %","85.2","0.5 %","77.1","0.8 %","","-33.9","-18.8","-7.5","-0.1","-16.3","3.1","-3.0","-0.24","-0.60","-0.56","0.00","-0.73","0.93","-2.65","30.5 %","63.4 %","45.0 %","69.3 %","88.6 %","81.3 %","44.2 %","60.1 %","8.4 %","-8.6","34.6 %","13.9 %","5.8 %","1.3 %","","10.3 %","14.1 %","9.8 %","0.2 %","","9.5 %","0.0 %","0.5 %","","91.6","91.4","87.3","85.4","","90.2","83.5","76.8","81.2","","82.2","80.4","77.2","-1.2","-0.9","-0.1","-5.4","","-6.0","1.4","1.8","6.6","","-0.9","7.2","0.1","9.0","7.6","6.0","3.2","","5.0","1.6","-5.3","-6.2","","4.7","7.8","4.4","-20.1","-13.7","-10.3","0.5","","-5.4","-27.0","0.6","-0.8","","-11.5","-0.4","-3.0","-0.25","-0.42","-0.76","0.17","","-0.22","-0.82","0.02","-1.74","","-0.52","-13.83","-2.65","30.0 %","59.9 %","45.0 %","66.3 %","88.6 %","81.2 %","50.1 %","23.0","40.8","-3.2","-0.1","21 - 38","-81.9","9.0","-5.3","36.6 %","37.0 %","26.4 %","17.0 %","56.6 %","26.5 %","28.8 %","8.8 %","0.1 %","9.9 %","36.0 %","6.9 %","1.8 %","0.5 %","0.1 %","23.1 %","12.9 %","0.0 %","82.7","72.7","77.6","92.6","87.9","85.2","77.9","84.3","91.4","83.7","89.6","-0.6","6.8","2.4","-1.4","0.7","-3.8","1.6","-4.4","-2.2","1.6","-21.5","4.5","-7.3","-5.7","9.3","5.4","3.2","2.9","5.2","5.8","1.5","6.0","-15.4","2.8","-3.0","-31.8","1.3","1.7","-2.9","-1.3","-17.9","-22.2","0.0","-0.75","15.56","-0.13","-0.38","0.08","0.42","-2.57","-6.67","-0.33","-0.74","-1.89","29.9 %","60.0 %","45.0 %","66.1 %","88.7 %","81.2 %","50.1 %","23.6"
"Marlins","28","2269","5437","6057","1327","890","261","39","137","609","576","484","46","1228","35","40","60","114","149","41",".244","1864","1455","856","138","23006","8321","14685","120","134","33","8.0 %","20.3 %","0.39",".308",".382",".690",".138",".289","1.28","20.5 %","44.6 %","34.9 %","9.5 %","9.4 %","6.4 %","24.6 %",".300","-75.8","615","-95.4","-11.5","178.9","35.0","118.4","12.4","$80.6","5.2","87","-7.11","-109.90","102.79","-76.90","-8.19","1.03","1.21","232","-5.94","-0.99","57.3 %","91.4","13.0 %","82.9","5.5 %","87.7","9.4 %","76.7","11.0 %","82.6","1.5 %","84.5","2.4 %","76.9","0.8 %","","-34.5","-16.9","18.3","-8.7","-26.6","2.2","-7.6","-0.26","-0.57","1.47","-0.40","-1.06","0.62","-1.42","30.0 %","62.5 %","44.6 %","65.3 %","87.1 %","79.0 %","45.0 %","60.3 %","9.3 %","2.5","34.3 %","12.6 %","5.2 %","1.5 %","","9.9 %","13.8 %","9.4 %","0.1 %","0.0 %","11.0 %","","2.4 %","","91.7","91.1","87.5","84.4","","90.2","83.3","76.6","81.6","53.0","82.7","","77.0","-1.2","-0.9","0.1","-5.9","","-4.9","2.0","2.9","5.9","3.8","-0.9","","0.1","8.8","6.9","5.7","1.6","","4.4","0.7","-6.2","-6.6","-8.9","4.8","","-1.4","-26.3","2.9","7.5","-0.2","","-18.9","-9.4","-10.3","-0.2","-0.4","-27.8","","-9.4","-0.34","0.10","0.65","-0.06","","-0.84","-0.30","-0.48","-0.88","-9.81","-1.12","","-1.74","29.0 %","60.1 %","44.6 %","62.3 %","86.9 %","78.9 %","50.2 %","22.0","23.4","7.4","-5.6","21 - 36","-92.9","8.9","0.7","38.4 %","36.3 %","25.4 %","16.0 %","55.7 %","28.2 %","30.5 %","10.2 %","0.1 %","10.0 %","33.7 %","6.6 %","2.1 %","2.4 %","","23.3 %","11.6 %","0.0 %","83.3","60.9","77.9","92.8","88.0","84.9","77.9","","91.6","83.8","84.6","-1.0","5.8","2.9","-1.4","0.4","-6.1","0.1","","-3.1","1.8","-1.3","5.0","-7.8","-6.0","9.7","5.4","2.0","1.1","","5.6","1.0","0.4","-19.3","-0.8","-7.2","-11.7","9.1","-7.7","-9.4","","-24.0","-15.6","0.1","-0.84","-7.25","-0.32","-0.15","0.61","-1.60","-1.73","","-0.46","-0.60","1.08","29.3 %","60.0 %","44.6 %","62.5 %","87.0 %","79.0 %","49.9 %","22.6"
"Cubs","28","2341","5411","5967","1297","859","265","36","137","613","570","447","29","1235","43","24","42","125","94","45",".240","1904","1347","896","120","22591","7977","14614","121","95","20","7.5 %","20.7 %","0.36",".302",".378",".680",".138",".286","1.41","21.6 %","45.9 %","32.5 %","8.9 %","10.2 %","6.4 %","21.1 %",".297","-90.0","591","-132.8","29.8","176.3","33.6","109.6","11.5","$74.6","4.6","81","-11.04","-110.85","99.81","-83.41","-8.80","1.02","1.22","273","-6.82","-3.98","56.1 %","91.5","14.9 %","83.3","5.8 %","87.9","12.3 %","76.9","9.7 %","82.1","1.3 %","84.2","","","0.5 %","","-17.7","-16.8","-12.0","-19.4","-1.8","-2.6","","-0.14","-0.50","-0.92","-0.70","-0.08","-0.88","","32.2 %","64.3 %","46.3 %","67.0 %","87.6 %","79.6 %","44.1 %","62.1 %","9.4 %","-6.0","32.2 %","13.5 %","5.8 %","1.1 %","","9.8 %","15.5 %","11.7 %","0.6 %","0.0 %","9.9 %","0.0 %","","","91.8","91.3","87.8","84.0","","90.4","83.5","76.8","81.6","55.6","82.2","78.1","","-1.8","-3.1","0.3","-3.9","","-6.2","1.6","2.5","4.0","-7.1","-2.5","11.7","","8.0","6.4","5.4","2.4","","4.5","0.4","-6.2","-7.4","-9.0","4.0","1.1","","13.5","-22.3","-10.2","-0.2","","-17.4","-22.0","-16.8","-2.8","0.0","-7.4","-0.2","","0.19","-0.74","-0.78","-0.09","","-0.79","-0.63","-0.64","-2.21","2.38","-0.33","-8.69","","31.3 %","61.9 %","46.3 %","62.9 %","88.4 %","79.6 %","49.0 %","22.6","63.4","-5.0","3.4","22 - 36","-138.9","8.8","-4.4","38.5 %","35.8 %","25.7 %","16.1 %","56.3 %","27.5 %","30.5 %","8.9 %","0.1 %","13.0 %","33.0 %","7.4 %","1.9 %","","0.0 %","22.5 %","13.2 %","0.0 %","82.9","71.8","77.9","92.9","88.2","84.5","","76.2","91.6","84.3","73.9","-2.5","6.4","3.1","-1.9","0.6","-2.7","","12.8","-3.8","1.8","6.5","4.9","-8.0","-5.4","9.4","5.3","2.8","","-0.5","5.7","1.4","2.2","1.0","-0.7","-22.3","-6.3","-3.6","-3.7","","0.0","-22.4","-26.1","0.0","0.05","-3.02","-0.76","-0.09","-0.21","-0.88","","4.00","-0.44","-0.88","1.05","31.2 %","61.8 %","46.3 %","62.4 %","88.6 %","79.6 %","49.4 %","23.2"
"Astros","27","2421","5407","6014","1276","864","238","28","146","583","545","463","19","1365","58","30","54","114","105","46",".236","1834","1353","830","130","22994","8420","14574","123","109","26","7.7 %","22.7 %","0.34",".302",".371",".673",".135",".288","1.36","20.7 %","45.7 %","33.7 %","9.6 %","10.8 %","6.7 %","23.9 %",".296","-98.4","588","-127.5","-15.4","177.6","33.6","60.3","6.3","$41.0","4.3","82","-13.75","-110.25","96.50","-106.60","-11.60","1.01","1.21","260","-8.82","-4.77","58.2 %","91.4","14.7 %","83.2","5.4 %","87.7","11.2 %","76.7","8.2 %","82.3","1.7 %","84.5","0.6 %","77.1","0.3 %","","-17.5","-31.5","-12.1","-7.6","-15.4","-2.8","-2.3","-0.13","-0.94","-0.97","-0.30","-0.82","-0.70","-1.60","29.9 %","64.8 %","45.4 %","62.4 %","86.4 %","77.7 %","44.5 %","59.7 %","10.1 %","-16.9","34.2 %","10.6 %","7.1 %","1.2 %","","11.0 %","15.9 %","10.0 %","0.7 %","","8.7 %","0.0 %","0.6 %","","92.0","90.7","88.6","84.5","","90.1","83.2","76.3","81.1","","82.5","78.3","77.2","-1.8","3.0","1.2","-5.0","","-3.3","3.5","5.2","7.3","","-0.1","10.0","1.5","8.9","7.0","6.9","2.6","","5.2","1.1","-6.5","-5.9","","4.9","1.4","-0.5","-8.4","-13.3","-6.1","-2.3","","-11.1","-34.0","-6.4","-3.9","","-13.6","0.0","-2.5","-0.11","-0.54","-0.37","-0.83","","-0.44","-0.94","-0.28","-2.44","","-0.69","2.38","-1.78","29.3 %","62.0 %","45.4 %","59.3 %","86.5 %","77.6 %","49.2 %","22.2","18.2","-3.4","-9.1","21 - 37","-144.4","8.9","-4.4","39.8 %","35.0 %","25.2 %","17.1 %","55.5 %","27.4 %","32.8 %","7.8 %","0.1 %","11.6 %","33.9 %","6.6 %","2.0 %","0.6 %","0.0 %","24.0 %","13.3 %","0.0 %","83.1","69.3","77.6","93.0","88.0","85.0","78.0","73.4","91.3","84.0","75.4","-1.6","7.9","4.0","-2.1","0.6","-5.2","-0.2","11.9","-3.3","2.0","3.3","5.0","-8.7","-6.1","9.6","5.8","2.5","0.2","-2.4","5.7","1.1","11.5","-17.3","1.2","-16.2","-19.6","-9.7","1.7","-2.3","0.0","-7.0","-31.5","0.1","-0.97","5.19","-0.61","-0.25","-0.64","0.36","-1.60","2.40","-0.13","-1.03","9.01","29.3 %","61.8 %","45.4 %","59.0 %","86.6 %","77.6 %","49.5 %","22.8"
"Mariners","27","2236","5494","6057","1285","868","241","27","149","619","584","466","21","1259","30","35","32","95","104","35",".234","1818","1508","902","186","23083","8418","14665","115","74","19","7.7 %","20.8 %","0.37",".296",".369",".665",".135",".276","1.21","21.3 %","43.0 %","35.7 %","12.3 %","9.9 %","6.3 %","25.7 %",".291","-116.5","575","-89.8","11.4","178.9","-15.3","106.2","11.1","$72.3","4.6","87","-8.67","-105.59","96.92","-59.27","-6.69","0.99","1.74","83","-9.66","0.90","57.7 %","91.7","13.2 %","83.0","6.5 %","87.7","10.6 %","77.2","10.3 %","83.0","1.8 %","84.0","","","0.4 %","","-35.9","-40.6","-1.8","-8.6","-11.8","-3.0","","-0.27","-1.34","-0.12","-0.35","-0.50","-0.72","","29.8 %","65.5 %","46.0 %","65.0 %","86.7 %","79.1 %","45.5 %","59.9 %","9.6 %","0.1","34.9 %","13.4 %","5.3 %","1.6 %","","9.0 %","14.9 %","10.3 %","","0.0 %","10.4 %","0.1 %","","","91.9","91.8","88.6","84.2","","90.3","83.2","77.2","","49.7","83.1","72.4","","-1.3","-1.3","0.6","-5.5","","-2.5","1.1","2.9","","9.1","-1.6","5.5","","7.1","5.1","4.3","3.1","","3.6","-1.1","-7.1","","-8.6","3.1","-4.5","","-41.1","-1.9","-11.7","-5.7","","-3.2","-24.7","-17.3","","0.0","-6.9","0.5","","-0.52","-0.06","-0.97","-1.53","","-0.16","-0.73","-0.74","","3.52","-0.29","4.74","","29.5 %","62.9 %","46.1 %","60.9 %","87.5 %","78.9 %","49.5 %","21.6","-3.9","0.8","-6.4","21 - 38","-89.6","20.8","5.7","40.3 %","33.8 %","26.0 %","17.1 %","55.8 %","27.2 %","30.9 %","9.7 %","0.2 %","10.9 %","36.0 %","7.1 %","2.1 %","","0.0 %","21.7 %","12.3 %","0.0 %","83.6","69.1","78.0","92.7","87.9","84.4","","72.8","91.8","83.6","83.3","-1.6","8.5","2.5","-0.6","0.8","-5.3","","6.6","-2.9","1.3","-12.8","4.9","-8.9","-5.4","9.5","5.0","3.7","","-2.3","5.7","0.7","7.0","-3.4","-1.3","-7.4","-25.9","-15.5","-5.8","","0.1","-13.2","-38.7","0.0","-0.16","-3.38","-0.30","-0.32","-0.96","-1.22","","0.55","-0.27","-1.38","-0.13","29.7 %","62.7 %","46.1 %","60.9 %","87.6 %","78.9 %","49.5 %","22.2"
